Tender,Company,Procurement,Notice,Location,Closing,Value,Date
Building Safety Improvement Works - Contractor Framework - External Wall System Remediation,The Guinness Partnership Ltd,  Opportunity,  Open,  England,"   2 December 2022, 12pm","  £160,000,000","  17 October 2022, last edited  7 November 2022"
Applicant Tracking & Recruitment System,YORKSHIRE HOUSING LIMITED,  Early engagement,  Open,  Yorkshire and the Humber,  14 November 2022,Publication date  7 November 2022,None
Emergency Accommodation Security,Borough Council of King's Lynn & West Norfolk,  Opportunity,  Open,  East of England,"   7 December 2022, 12pm","  £180,000",   7 November 2022
CA11102 - Utility Supply and Energy Management Services Framework,University of Essex,  Opportunity,  Open,  CO4 3SQ,"  18 November 2022, 12pm","  £660,000,000","   5 October 2022, last edited  7 November 2022"
National Highways Area 12 M&R - Facilities Management works,AMEY OW LIMITED,  Opportunity,  Open,  Yorkshire and the Humber,"  16 November 2022,  5pm","  £600,000",   7 November 2022
"King William House, Bristol - Replacement of Lift 2",South Somerset District Council,  Opportunity,  Open,  BS14NT,"   7 December 2022, 12pm","  £100,000",   7 November 2022
Surfacing and Civils Works Framework,Blackburn with Darwen Borough Council,  Opportunity,  Open,  England,"   9 December 2022,  5pm","  £7,000,000",   7 November 2022
Tender for the Development of an Estates and Campus Strategy for the University of Birmingham to 2045,THE UNIVERSITY OF BIRMINGHAM,  Opportunity,  Open,  b15 2tt,"   7 December 2022,  3pm","  £250,000 to £500,000",   7 November 2022
Provision of rough sleeper complex needs accommodation,London Borough of Redbridge,  Opportunity,  Open,  England,"   8 December 2022, 12pm","  £1,437,579",   7 November 2022
Market Engagement Event for Integrated MSK Services for South and West Hertfordshire,Attain,  Early engagement,  Open,  AL8 6JL,  25 November 2022,Publication date  7 November 2022,None
Soft Market Test: Power Purchase Agreement (PPA) for Quorn Solar Farm,Leicestershire County Council,  Future opportunity,  Open,  United Kingdom,Approach to market date  1 June 2023,"  £1,000,000 to £10,000,000","   7 November 2022, last edited  7 November 2022"
Public Deliberation Research,Genomics England,  Opportunity,  Open,  EC1M 6BU,"  23 November 2022, 12pm","  £100,000","   7 November 2022, last edited  7 November 2022"
GB-Greenwich: Animated educational videos for the Royal Observatory Greenwich,National Maritime Museum,  Opportunity,  Open,  London,"  25 November 2022, 12pm","  £10,000 to £25,000",   7 November 2022
Outsourced Autism Assessments,Central London Community Healthcare NHS Trust,  Opportunity,  Open,  England,"   7 December 2022, 12pm","  £150,000",   7 November 2022
71 St Kathrines Way - Refurbishment,Warrington Borough Council,  Opportunity,  Open,  England,"   5 December 2022, 12pm","  £100,000",   7 November 2022
Contract 90 - Planned Electrical Works 2023-2025,North Tyneside Council,  Opportunity,  Open,  England,"  13 December 2022, 12pm","  £3,000,000","   7 November 2022, last edited  7 November 2022"
Systems Integrator for SAP S/4 HANA upgrade,BIP SOLUTIONS LIMITED,  Opportunity,  Open,  Yorkshire and the Humber,"   6 February 2023, 12am",  £0,   7 November 2022
iDecide Phase3 + - Oversight,NHS England,  Opportunity,  Open,  England,"  28 November 2022, 12pm","  £522,000","  27 October 2022, last edited  7 November 2022"
Consultant required to develop a cultural strategy for Kirklees,Kirklees Council,  Opportunity,  Open,  Yorkshire and the Humber,"   5 December 2022,  9am","  £45,000","   7 November 2022, last edited  7 November 2022"
CA11343 - Tender for Portable Wireless Battery-Powered HD Mobile System,New College Swindon,  Opportunity,  Open,  SN3 1AH,"   6 December 2022, 12pm",  £0,   7 November 2022
CP2300-22 - Contract for the Treatment of Organic Sweepings Waste,Devon County Council,  Early engagement,  Open,  South West,  25 November 2022,Publication date  7 November 2022,None
CP2255-22 Surface Water Flood Warning Pilot Project,Devon County Council,  Opportunity,  Open,  England,"  15 December 2022, 12pm","  £150,000",   7 November 2022
"ASC22031 - Specialist Social Care Services For Young People with Mental Health Needs, and Adults with Mental Health Needs.",Worcestershire County Council,  Opportunity,  Open,  WR5 2NP,"  24 November 2022,  6pm",  £0,   7 November 2022
UKSAC22-0034 Technical Support for UK partnership on MicroCarb project,"Department for Business, Energy & Industrial Strategy",  Opportunity,  Open,  Any region,"  21 November 2022, 11am","  £50,000",   7 November 2022
"Carers Advice, Support and Wellbeing Service and Dementia Support Services in London Borough of Redbridge",London Borough of Redbridge,  Opportunity,  Open,  England,"   7 December 2022,  5pm","  £1,262,028",   7 November 2022
Concession for Council Car Park Electric Vehicle Ultra-Rapid Chargers,Cheshire west and Chester Borough Council,  Opportunity,  Open,  United Kingdom,"   1 December 2022, 10am",  £0,"  27 October 2022, last edited  7 November 2022"
P78 WORKS BMS REPLACEMENT PROJECT,ROYAL BERKSHIRE NHS FOUNDATION TRUST,  Opportunity,  Open,  RG1 5LN,"  22 November 2022, 12pm","  £500,000",   7 November 2022
Invitation to Tender for Pump Track at Edenfield Recreation Ground,Rossendale Borough Council,  Opportunity,  Open,  North West,"  21 November 2022,  1pm","  £45,000",   7 November 2022
HCC 10/22 - Supported Living at Forest Lane,Hertfordshire County Council  - Adult Care Services,  Opportunity,  Open,  SG13 8DE,"  14 November 2022,  5pm",  £0,"  21 October 2022, last edited  7 November 2022"
DESIGNING AND APPLYING A METHOD TO IDENTIFY POTENTIAL LINKS BETWEEN OFFSHORE WIND ACTIVITIES AND ACHIEVING GOOD ENVIRONMENTAL STATUS,Natural England,  Opportunity,  Open,  United Kingdom,"  25 November 2022, 12pm","  £10,000 to £24,999",   7 November 2022
"Indictive Pricing for Scanners, Printers and SSD's",Calderdale and Huddersfield Solutions ltd,  Future opportunity,  Open,  HD3 3EA,Approach to market date  7 November 2022,"  £20,000",   7 November 2022
"(NOT USED) The Supply, Installation and Maintenance of Gym Equipment",University of Birmingham,  Opportunity,  Open,  B15 2TT,"   5 December 2022, 11:59am","  £0 to £500,000","   7 November 2022, last edited  7 November 2022"
Better Business Cases Programme,Crown Commercial Service,  Opportunity,  Open,  United Kingdom,"  11 November 2022,  5pm",  £1,"  14 October 2022, last edited  7 November 2022"
"THE PROVISION FOR THE SUPPLY,INSTALLATION AND MAINTENANCE OF GYM EQUIPMENT",University of Birmingham,  Opportunity,  Open,  B15 2TT,"   7 December 2022, 12pm","  £0 to £500,000","   7 November 2022, last edited  7 November 2022"
Festive Light Contractor,HOOK PARISH COUNCIL,  Opportunity,  Open,  RG27 9NN,"  16 January 2023, 12pm","  £7,000 to £15,000","  25 March 2022, last edited  7 November 2022"
Housing Maintenance & Repair,Crown Commercial Service,  Opportunity,  Open,  United Kingdom,"  23 January 2027, 12am","  £500,000,000",   7 November 2022
Leeds Sensory Impairment Support Service (1),Leeds City Council,  Opportunity,  Open,  Yorkshire and the Humber,"   2 December 2022, 12pm",  £0,   7 November 2022
CA11340 - Tender for a Virtual Simulation Module(Vsim),New College Swindon,  Opportunity,  Open,  SN3 1AH,"  30 November 2022, 12pm",  £0,   7 November 2022
Office/Depot Cleaning 2023 - 26,Weaver Vale Housing Trust e-Tendering,  Opportunity,  Open,  CW9 7LL,"   9 December 2022, 12pm","  £40,000 to £60,000",   7 November 2022
Expression of Interest for the Provision of Non-Statutory Adult Eating Disorders Services,NHS Arden and Greater East Midlands Commissioning Support Unit,  Opportunity,  Open,  East of England,"  25 November 2022,  5pm","  £733,887 to £1,027,441",   7 November 2022
M621 Junction 1-7 Improvements - Attenuation Tanks,KELTBRAY HIGHWAYS LIMITED,  Opportunity,  Open,  Yorkshire and the Humber,"  18 November 2022, 11:59pm","  £250,000","   7 November 2022, last edited  7 November 2022"
Culcheth Library - Refurbishment,Warrington Borough Council,  Opportunity,  Open,  England,"   5 December 2022, 12pm","  £250,000","   4 November 2022, last edited  7 November 2022"
Littlebeck & Cock Mill Footbridge Replacement,North Yorkshire County Council,  Opportunity,  Open,  Yorkshire and the Humber,"   6 December 2022, 12pm","  £20,000 to £25,000",   7 November 2022
Client 185581 Supported Living / EMI Accommodation,Cheshire west and Chester Borough Council,  Opportunity,  Open,  England,"  17 November 2022,  2pm","  £25,000",   7 November 2022
CA11341 - Replacement of the steam and condensate pipework,Shropshire Healthcare Procurement Service,  Opportunity,  Open,  SY3 8XQ,"  18 November 2022, 10am",  £0,   7 November 2022
MECHANICAL MINOR WORKS: MECHANICAL INSTALLATION MAINTENANCE SERVICES,Derbyshire Support and Facilities Services,  Opportunity,  Open,  S44 5BL,"   7 December 2022, 12pm","  £500,000",   7 November 2022
Parenting Support and Development Service,London Borough of Hillingdon,  Opportunity,  Open,  UB8 1UW,"   9 December 2022, 12pm","  £810,509","   7 November 2022, last edited  7 November 2022"
Derby Car Club Concession,Derby City Council,  Opportunity,  Open,  East Midlands,"  28 November 2022, 10am","  £516,000","  19 October 2022, last edited  7 November 2022"
Allington Solar Park Development,Eastleigh Borough Council,  Opportunity,  Open,  England,"  18 November 2022, 12pm","  £100,000 to £150,000","   4 November 2022, last edited  7 November 2022"
Multiuse LiDAR,Board of Trustees of the Royal Botanic Gardens Kew,  Opportunity,  Open,  TW9 3AB,"  25 November 2022,  4pm","  £100,000",   7 November 2022
"Harrogate District CCTV, Network Maintenance, Servicing and Additional Works",Harrogate Borough Council,  Opportunity,  Open,  HG1 2AE,"   5 December 2022, 12pm","  £60,000 to £90,000",   7 November 2022
PROVISION OF CONTRACT HIRE OF [6 OR 7] 32T HOOKLIFT VEHICLES AND MAINTENANCE,Gloucestershire County Council,  Opportunity,  Open,  England,"   6 December 2022, 12pm","  £1,800,000",   7 November 2022
Meridian Academies Trust ~ Cleaning Tender,Meridian Academies Trust,  Opportunity,  Open,  East Midlands,"  16 December 2022, 12pm","  £9,500,000",   7 November 2022
Tender for the Supply and Installation of a High-Dimensional Spatial Transcriptomics/Proteomics Platform for the University of Birmingham,THE UNIVERSITY OF BIRMINGHAM,  Opportunity,  Open,  B15 2TT,"   7 December 2022, 12pm",  £0,   7 November 2022
COV - Strategic Energy Partner,Coventry City Council (COV),  Opportunity,  Open,  CV1 2GN,"  31 January 2023, 12pm",  £0,"   7 September 2022, last edited  7 November 2022"
Provision of Children and Young Peoples Targeted Emotional Wellbeing Mental Health Services - Harrow,NHS North West London Integrated Care Board,  Opportunity,  Open,  NW1 5JD,"   2 December 2022, 12pm","  £2,750,000","   3 November 2022, last edited  7 November 2022"
"Amberley & Harrogate Street, Sunderland - New Build Development",Thirteen Housing Group Ltd,  Opportunity,  Open,  TS2 1QG,"  27 January 2023, 12pm","  £19,000,000 to £20,000,000","  27 October 2022, last edited  7 November 2022"
City Wide Application of Weed Spraying,Hull City Council,  Opportunity,  Open,  HU1 2AA,"   7 December 2022,  5pm","  £80,000 to £100,000",   7 November 2022
Supply of Bulk Fuel Tank,Cheshire Constabulary on behalf of the Police and Crime Commissioner for Cheshire,  Opportunity,  Open,  CW7 2UA,"  25 November 2022, 10am",  £0,   7 November 2022
Esher Sixth Form College ~ Cleaning Tender,Esher Sixth Form College,  Opportunity,  Open,  South East,"  16 December 2022, 12pm","  £1,794,150",   7 November 2022
Kensington Memorial Park Photovoltaic System Installation,capitalEsourcing,  Early engagement,  Open,  W10 6LH,   9 December 2022,Publication date  7 November 2022,None
Paper Object Conservation,National Army Museum,  Opportunity,  Open,"  London, South East","  28 November 2022, 10am","  £9,500",   7 November 2022
390_22 Document Management Solutions,ESPO,  Opportunity,  Open,  United Kingdom,"  24 November 2022, 12pm","  £160,000,000","  14 October 2022, last edited  7 November 2022"
Customer Relationship Management System (CRM) Market Engagement,Doncaster Council,  Opportunity,  Open,  Yorkshire and the Humber,"  30 November 2022, 12pm",  £0,   7 November 2022
IDG - Student Systems Improvements Service,The University of Warwick,  Opportunity,  Open,  CV4 7AL,"  28 November 2022, 12pm","  £500,000 to £550,000",   7 November 2022
Residential Respite Services for adults with a learning disability,London Borough of Merton,  Opportunity,  Open,  England,"   6 December 2022, 12pm","  £1,626,000",   7 November 2022
Occupational Health Service,North Tyneside Council,  Opportunity,  Open,  England,"   9 December 2022, 12pm","  £700,000","   4 November 2022, last edited  7 November 2022"
SOL - Holiday Activity Fund FCA,Solihull MBC (SOL),  Opportunity,  Open,  B91 3QB,"  18 November 2022, 12pm",  £0,"   7 November 2022, last edited  7 November 2022"
Supply and install of Glasshouses for Idless Nursery,Truro City Council,  Opportunity,  Open,  South West,"  25 November 2022, 12pm","  £50,000",   7 November 2022
IT Services,London Waste & Recycling Board,  Opportunity,  Open,  London,"  23 November 2022,  5pm","  £40,000",   7 November 2022
Contract for CCTV Upgrade Project and Maintenance Services,London Borough of Barking and Dagenham,  Opportunity,  Open,  London,"   8 December 2022, 12pm","  £4,000,000",   7 November 2022
GLO Coaching Conversations,Health Education England,  Opportunity,  Open,  LS1 4PL,"  28 November 2022, 12pm","  £30,000",   7 November 2022
Investigation into the delivery of biodiversity units in the West Surrey Hills AONB,Natural England,  Opportunity,  Open,  England,"  21 November 2022, 12pm","  £10,000 to £24,999","   4 November 2022, last edited  7 November 2022"
Tourism Ticketing Solution For the period of 01/01/2023 to 31/12/2023 With a Further Option of Two One Year Extensions,Sefton Council,  Opportunity,  Open,  United Kingdom,"  28 November 2022, 12pm",  £0,   7 November 2022
CEFAS22-115 Request for Quotation for Innova® S44i - Stackable Incubator Shaker,Defra Network eTendering Portal,  Opportunity,  Open,  Any region,"  21 November 2022, 12pm","  £15,000",   7 November 2022
Project 1777 - Demolition of the Remaining Structure at Futures Community College,Southend-on-Sea Borough Council,  Opportunity,  Open,  England,"  28 November 2022, 12pm","  £70,000",   7 November 2022
landscaping of open green space,Formby Parish Council,  Opportunity,  Open,  L37 3HE,"  25 November 2022, 10am","  £25,000 to £75,000",   7 November 2022
Laboratory Fume Cabinets Maintenance & Repair Services,Falmouth Exeter Plus,  Opportunity,  Open,  South West,"  28 November 2022, 12pm","  £130,000 to £170,000",   7 November 2022
Digital Intelligence and Investigation Support Tooling RFI,H M Revenue & Customs,  Early engagement,  Open,  United Kingdom,   5 December 2022,Publication date  7 November 2022,None
Market Engagement - Inter Country Adoption Services,Oxfordshire County Council,  Early engagement,  Open,  England,   5 December 2022,Publication date  7 November 2022,None
GB-Liverpool: Tender for the Provision of Customer Helpdesk Software Services,The ACC Liverpool Group Limited,  Opportunity,  Open,  North West,"  25 November 2022, 12pm","  £50,000 to £100,000",   7 November 2022
Market Engagement Event - Living Well Collaborative Facilitation and Coordination for NHS Derby and Derbyshire ICB,NHS Arden and GEM CSU,  Early engagement,  Open,  East Midlands,  15 November 2022,Publication date  7 November 2022,None
CA11246 - Southport College & King George V College - External Audit Services,Southport College,  Opportunity,  Open,  PR9 0TT,"   5 December 2022, 10am",  £0,   7 November 2022
Provision of a Framework for Graphic Design and Videography Services,Barnsley Metropolitan Borough Council,  Opportunity,  Open,  Yorkshire and the Humber,"   8 December 2022, 12pm",  £0,   7 November 2022
705780450 - Stabilised Weapon System,Ministry of Defence,  Opportunity,  Open,  BS34 8JH,"  30 November 2022, 11:59pm","  £2,000,000",   7 November 2022
GB-London: Improving the governance of developer contributions,Local Government Improvement and Development Agency,  Opportunity,  Open,  Any region,"  28 November 2022,  6pm","  £100,000 to £500,000",   7 November 2022
A & E Security Service,Northampton General Hospital NHS Trust,  Opportunity,  Open,  East Midlands,"  23 December 2022, 12am","  £150,000",   7 November 2022
"Sculpture for the Queens Mother Garden, Dereham for Breckland Council",Breckland District Council and South Holland District Council,  Opportunity,  Open,  NR19 1EE,"   7 November 2022,  5pm","  £10,000 to £15,000","  19 October 2022, last edited  7 November 2022"
NFCC - Command and Control (CAD) and Integrated Communication and Control Systems (ICCS) Supplier and Fire sector engagement day.,Kent Fire and Rescue Service,  Early engagement,  Open,  England,  15 December 2022,"Publication date  3 November 2022, last edited  7 November 2022",None
PLACE138 Supply of CAD Software and Licencing,Derbyshire County Council,  Opportunity,  Open,  England,"   7 December 2022, 11am","  £405,000",   7 November 2022
Danes Educational Trust ~ Cleaning Tenders,Danes Educational Trust,  Opportunity,  Open,  East of England,"  21 November 2022, 12pm","  £4,103,730",   7 November 2022
Administrative Assistant/ Support Officer Level 3 x 2,Sandwell Metropolitan Borough Council,  Opportunity,  Open,  B70 8SZ,"   8 November 2022, 10am","  £9,785.77 to £11,472.96",   7 November 2022
COV - Replacement of the Heating System at Grange Hurst Primary School (reissue),Coventry City Council (COV),  Opportunity,  Open,  CV1 2GN,"   5 December 2022, 12pm",  £0,   7 November 2022
BSH/CEN/Electrical Services Remedial Works at The Exchange,Bristol City Council,  Opportunity,  Open,  England,"  28 November 2022, 12pm","  £125,000",   7 November 2022
"Framework Contract for Responsive Repairs, Void Works, Electrical and Mechanical Works",Bernicia Group,  Opportunity,  Open,  England,"   4 January 2023, 12pm","  £13,000,000",   7 November 2022
"Bespoke frontend, heated valve boxes for sample selection and drying for atmospheric air.",University of Bristol,  Opportunity,  Open,  South West,"  28 November 2022,  9am","  £90,000",   7 November 2022
GB-London: IWM London War Games Exhibition Summative Evaluation,Imperial War Museums,  Opportunity,  Open,  London,"   3 January 2023,  5pm","  £10,000 to £25,000",   7 November 2022
Non-Maintained and Independent Special Schools (NMISS) Placement Dynamic Purchasing System (DPS),London Borough of Merton,  Opportunity,  Open,  SM4 5DX,"   3 April 2028, 12pm","  £10,000,000",   7 November 2022
Resurfacing Works within St Helens parks and open space 2022/23,St.Helens Council,  Opportunity,  Open,  England,"  28 November 2022, 12pm","  £200,000",   7 November 2022
Provision of Fuel delivery solution and fuel provision for Strathclyde and Glasgow University Air Sqn (UGSAS),Ministry of Defence,  Opportunity,  Open,  Scotland,"   5 December 2022, 11:59pm","  £273,600",   7 November 2022
ASC 2022 004- The Provision of Care & Support for Visram House-Extra Care Scheme,London Borough of Brent,  Opportunity,  Open,  England,"   8 December 2022, 12pm","  £2,480,664",   7 November 2022
CCS022 Provision of Technical Advice to review the Building Schools for the Future Private Finance Initiative Contract,Derbyshire County Council,  Opportunity,  Open,  England,"   8 December 2022, 11am","  £55,000",   6 November 2022
PS22408 - Mobilising Local Net Zero Investments - Diverse Solutions for Diverse Places - RFP,"Department for Business, Energy & Industrial Strategy",  Opportunity,  Open,  Any region,"  12 December 2022, 11am","  £300,000",   5 November 2022
"Mandatory Dental Services to Kent and Medway ICB, Sussex ICB and Hampshire and Isle of Wight ICB","NHS SOUTH, CENTRAL AND WEST COMMISSIONING SUPPORT UNIT",  Opportunity,  Open,  South East,"  15 December 2022, 12pm","  £0 to £61,073,980",   4 November 2022
Demand Responsive Transport Scheme (DRT) for the West of England Combined Authority,West of England Combined Authority,  Opportunity,  Open,  England,"   6 December 2022,  3pm","  £10,000,000",   4 November 2022
"Heating, Ventilation and Air Conditioning Measured Term Contract",Bracknell Forest Borough Council,  Opportunity,  Open,  England,"   6 December 2022,  3pm","  £550,000",   4 November 2022
Leaseholder Blocks - Packages,South Lakes Housing,  Opportunity,  Open,  North West,"  25 November 2022, 12pm","  £500,000",   4 November 2022
RFI: How can UKSA better catalyse investment into the UK space sector,UK SPACE AGENCY,  Early engagement,  Open,  SN2 1SZ,  28 November 2023,"Publication date  3 November 2022, last edited  4 November 2022",None
Refuse Collection Vehicles,East Riding of Yorkshire Council,  Opportunity,  Open,  Yorkshire and the Humber,"   6 December 2022, 12pm","  £6,000,000 to £8,000,000",   4 November 2022
DBB Duct Liner Components,United Kingdom Atomic Energy Authority,  Opportunity,  Open,  South East,"   4 January 2023, 12pm","  £0 to £200,000",   4 November 2022
Campsfield House and Haslar IRCs Procurement,Home Office,  Opportunity,  Open,  CR0 1XG,"  11 January 2023,  4pm","  £425,000,000",   4 November 2022
Procurement of Managed Service Partner for Bedford College Academy Trust,2P Solutions Ltd (Contracting Authority),  Opportunity,  Open,  East of England,"   5 December 2022, 12pm","  £100,000 to £150,000","   4 November 2022, last edited  4 November 2022"
Friends & Family of Substance Misusers Service,Rotherham Metropolitan Borough Council,  Opportunity,  Open,  Yorkshire and the Humber,"  31 December 2022, 12am",  £0,   4 November 2022
"Department for Education Energy Pods for Schools, Market Engagement",Department For Education,  Early engagement,  Open,  England,  30 November 2022,Publication date  4 November 2022,None
Suffolk County Music Service Concert Tours 2023,Suffolk County Council,  Opportunity,  Open,  IP1 2BX,"   5 December 2022, 12pm","  £100,000",   4 November 2022
705509452 - Unmanned Aerial Vehicles (UAVs) for Thea Secondis,Ministry of Defence,  Opportunity,  Open,  TR12 7RH,"   5 December 2022, 10am","  £9,650,000",   4 November 2022
CEFAS22-122 FSS Phytoplankton testing and analysis,Cefas,  Opportunity,  Open,  NR33 0HT,"   5 December 2022, 12pm","  £0 to £1,800,000",   4 November 2022
Calderdale Local Area Energy Planning,The Borough Council of Calderdale,  Opportunity,  Open,  Any region,"   2 December 2022,  2pm","  £100,000 to £140,000",   4 November 2022
Virtual Market Engagement Event - NHS Coventry & Warwickshire Safe Haven,NHS Arden and Greater East Midlands Commissioning Support Unit,  Opportunity,  Open,  West Midlands,"  22 November 2022,  4pm","  £1 to £1,433,320",   4 November 2022
22-187 - Friends & Family of Substance Misusers Service,Rotherham Metropolitan Borough Council,  Early engagement,  Open,  Yorkshire and the Humber,  31 December 2022,Publication date  4 November 2022,None
Direct Support Payments Service 2023,Knowsley Council,  Opportunity,  Open,  England,"   5 December 2022,  9:30am","  £360,000 to £600,000",   4 November 2022
Term Maintenance and Installation Contract for Traffic Control and Information Systems,Bournemouth Christchurch and Poole Council,  Opportunity,  Open,  South West,"  25 November 2022,  2pm","  £12,000,000","  27 September 2022, last edited  4 November 2022"
Project 1778 - Heycroft Primary Boiler replacement,Southend-on-Sea Borough Council,  Opportunity,  Open,  England,"  30 November 2022, 12pm","  £72,000",   4 November 2022
DEFRA Air Quality Project,London Borough of Ealing,  Early engagement,  Open,  England,   4 February 2023,Publication date  4 November 2022,None
SOFT MARKET TESTING  - Provision of nursery/daycare services,ONWARD GROUP LIMITED,  Early engagement,  Open,  North West,  14 November 2022,Publication date  4 November 2022,None
Mental Health Treatment Requirements (MHTRs) in the South East (Phase 2) on behalf of NHS England South East,"NHS SOUTH, CENTRAL AND WEST COMMISSIONING SUPPORT UNIT",  Opportunity,  Open,  South East,"  12 December 2022, 12pm","  £8,400,000",   4 November 2022
IPS Substance Misuse,Doncaster Council,  Opportunity,  Open,  DN1 3BU,"   7 December 2022, 12pm","  £0 to £310,278",   4 November 2022
Part-time Cleaner,Sandwell Metropolitan Borough Council,  Opportunity,  Open,  B70 8SZ,"  10 November 2022, 12pm","  £1,995","   4 November 2022, last edited  4 November 2022"
Cybersecurity Bootcamps,City of London Corporation,  Opportunity,  Open,  EC2P 2EJ,"  11 November 2022, 12pm","  £75,000 to £100,000",   4 November 2022
Senior Youth Officer,Sandwell Metropolitan Borough Council,  Opportunity,  Open,  B70 8SZ,"  11 November 2022, 12pm","  £7,130.64",   4 November 2022
LiveWest Cyclical Works 2023,LiveWest Homes Limited,  Opportunity,  Open,  England,"   9 December 2022, 12pm","  £1,500,000",   4 November 2022
Healthy Start Vitamins Manufacture,NHS Business Services Authority,  Early engagement,  Open,  NE15 8NY,  28 November 2022,Publication date  4 November 2022,None
Community Opportunities Framework,Redcar & Cleveland Borough Council,  Opportunity,  Open,  North East,"  12 December 2022,  2pm","  £6,000,000",   4 November 2022
Aspirant Deputy Director of Nursing Talent Scheme 2022-23,NHS England,  Opportunity,  Open,  LS2 7UE,"  18 November 2022, 12pm","  £80,000",   4 November 2022
Contract for Framework for the supply of Sports Retail Leisure Products and Goods,Durham County Council,  Opportunity,  Open,  England,"   6 December 2022, 12pm","  £150,000",   4 November 2022
Tractor lease x2,Cheshire west and Chester Borough Council,  Opportunity,  Open,  England,"  25 November 2022, 10am","  £25,000",   4 November 2022
Future of transport,Transport Focus,  Opportunity,  Open,  United Kingdom,"  18 November 2022,  5pm","  £50,000 to £60,000",   4 November 2022
Public Relationship and peripheral services in Spain and other European countries,BRITISH COUNCIL(THE),  Opportunity,  Open,  Europe,"   5 December 2022,  4:05pm",  £0,   4 November 2022
Assess the mitigation potential of the Gateway Projects for two SACs in Buckinghamshire,Natural England,  Opportunity,  Open,  England,"   2 December 2022,  5pm","  £10,000 to £20,000",   4 November 2022
Supply of Medical Gases in Cylinders,Berkshire Healthcare NHS Foundation Trust,  Opportunity,  Open,  South East,"  16 December 2022, 10am","  £8,400,000",   4 November 2022
Tree Maintenance - Reactive - Tree Maintenance - Reactive - Parks,London Borough of Haringey - Parks and Leisure,  Opportunity,  Open,  United Kingdom,"  25 November 2022, 10am",  £0,   4 November 2022
Grange Lido & Promenade Refurbishment,South Lakeland District Council,  Opportunity,  Open,  England,"   5 December 2022,  1pm","  £5,600,000",   4 November 2022
Environmental Enforcement,London Borough of Merton,  Opportunity,  Open,  England,"   5 December 2022, 12pm",  £0,   4 November 2022
Supplementary Substance Misuse Services,Oxfordshire County Council,  Opportunity,  Open,  England,"   9 December 2022, 12pm","  £2,800,000 to £20,000,000",   4 November 2022
Teams Telephony,General Pharmaceutical Council,  Opportunity,  Open,  London,"   6 December 2022, 12pm","  £435,000",   4 November 2022
Design Services,Money and Pensions Service,  Early engagement,  Open,  EC1N 2TD,  11 November 2022,Publication date  4 November 2022,None
Installation of Play Equipment and Surface Coverings at Itchen Valley Country Park,Eastleigh Borough Council,  Opportunity,  Open,  England,"  30 November 2022,  5pm","  £70,000 to £75,000",   4 November 2022
Solar Panels for South Norfolk Leisure Centres,Breckland District Council and South Holland District Council,  Opportunity,  Open,  NR19 1EE,"   2 December 2022, 12pm","  £0 to £1,000,000",   4 November 2022
Advocacy Helpline and &apos;Safety Net&apos; Service,Department for Education,  Early engagement,  Open,  Any region,  22 November 2022,Publication date  4 November 2022,None
CA11314 - Invitation To Tender for a Managed Payroll Service for the Mulberry Schools Trust,Mulberry Schools Trust,  Opportunity,  Open,  E2 6NW,"   5 December 2022, 12pm","  £180,000",   4 November 2022
Forest of Dean Toilet & Site Cleaning,Forestry Commission,  Opportunity,  Open,  South West,"   5 December 2022, 12pm","  £270,000",   4 November 2022
"13366  - Demolition and Associated Works at Saxelby House, Barratts House and Kingswood House, Kimpton Close, Druids Heath, Birmingham, B14 5TF",Birmingham City Council,  Opportunity,  Open,  B7 4BL,"   2 December 2022, 12pm",  £0,   4 November 2022
M621 Junction 1-7 Improvements - Traffic Signal/Ducting installation,KELTBRAY HIGHWAYS LIMITED,  Opportunity,  Open,  Yorkshire and the Humber,"  18 November 2022, 11:59pm","  £100,000",   4 November 2022
Request for Quotation: Provision of Habilitation Services for Children and Young People with Vision Impairment,London Borough of Bromley,  Opportunity,  Open,  England,"  28 November 2022, 12pm","  £108,108",   4 November 2022
Construction Related Multi-Disciplinary Services - Architectural and related services (VAT Exempt),London Borough of Haringey,  Opportunity,  Open,  United Kingdom,"   2 December 2022,  5pm","  £600,000",   4 November 2022
Tree Maintenance - Reactive - Tree Maintenance - Reactive - Homes for Haringey,London Borough of Haringey - Parks and Leisure,  Opportunity,  Open,  United Kingdom,"  24 November 2022, 10am",  £0,   4 November 2022
Opportunities and Constraints - Shaping Cobalt neighborhoods in the context of the 15 minute city,Cobalt Housing e-Tendering,  Opportunity,  Open,  L11 2SF,"  16 December 2022, 12pm","  £120,000 to £180,000","   4 November 2022, last edited  4 November 2022"
10-year strategy visual identity and assets,National Heritage Memorial Fund,  Opportunity,  Open,  United Kingdom,"  16 November 2022, 12pm","  £30,000 to £40,000","  26 October 2022, last edited  4 November 2022"
CA11302 - BIRTHING BED REQUIREMENT X1 INCLUSIVE OF WARRANTY,New College Swindon,  Opportunity,  Open,  SN3 1AH,"   8 November 2022, 12pm",  £0,"  31 October 2022, last edited  4 November 2022"
"National Framework Agreement for the Supply and Distribution of Ambient Meals, In-Cup Drinks and Related Items to Police Custody Suites",7 Forces Commercial Services,  Opportunity,  Open,  Any region,"   3 December 2022,  2pm","  £0 to £12,000,000",   4 November 2022
2383/T/CW/ES The Supply and Fitting of Flooring at RDaSH,Rotherham Doncaster & South Humber NHS Trust,  Opportunity,  Open,  DN4 8QN,"  25 November 2022, 12pm","  £100,000",   4 November 2022
Adult Social Care Supply Chain Cyber Resilience,REGISTERED NURSING HOME ASSOCIATION LIMITED,  Opportunity,  Open,  B303JN,"   4 December 2022, 11:59pm","  £75,000",   4 November 2022
Housing Management Software System,Swindon Borough Council,  Opportunity,  Open,  England,"   7 December 2022,  2pm","  £1,175,000 to £1,625,000",   4 November 2022
Heritage Activity Coordinator,Sunderland City Council,  Opportunity,  Open,  England,"  25 November 2022,  5pm",  £0,   4 November 2022
2383/T/CW/ES The Supply and Fitting of Flooring at RDaSH,Rotherham Doncaster and South Humber NHS Foundation Trust,  Opportunity,  Open,  DN4 8QN,"  25 November 2022, 12pm","  £100,000",   4 November 2022
Batch 58 Electrical Rising Mains,The Barnet Group,  Opportunity,  Open,  London,"  11 January 2023, 12pm","  £650,000",   4 November 2022
Batch 56 Electrical Rising Mains,The Barnet Group,  Opportunity,  Open,  London,"  11 January 2023, 12pm","  £680,000",   4 November 2022
Emergency and Out of Hours Work for Fire Safety Equipment,Sanctuary Housing Association,  Opportunity,  Open,  United Kingdom,"   7 December 2022, 12pm","  £4,168,464",   4 November 2022
Front end audience research for Railway Futures Gallery,Science Museum Group,  Opportunity,  Open,  SW7 2DD,"   8 November 2022,  8am","  £17,000","  18 October 2022, last edited  4 November 2022"
Batch 53 Electrical Rising Mains,The Barnet Group,  Opportunity,  Open,  London,"  11 January 2023, 12pm","  £600,000",   4 November 2022
The Development of Extreme Cold Weather Gloves,Leidos Supply,  Future opportunity,  Open,  Any region,Approach to market date  9 January 2023,"  £6,900,000 to £1,740,000",   4 November 2022
11 kV Substation Construction and Infrastructure Works.,capitalEsourcing,  Opportunity,  Open,  W8 7NX,"  27 January 2023,  4pm",  £0,   4 November 2022
Understanding the barriers to digital connectivity,CHESHIRE & WARRINGTON LOCAL ENTERPRISE PARTNERSHIP,  Opportunity,  Open,  North West,"  23 November 2022,  5pm","  £40,000 to £60,000","   4 November 2022, last edited  4 November 2022"
Harris Federation ~ Catering Services Tender,Harris Federation,  Opportunity,  Open,  London,"   5 December 2022, 12pm","  £65,259,278",   4 November 2022
PRF1599 Town Hall - Guttering Repairs,Peterborough City Council,  Opportunity,  Open,  United Kingdom,"   2 December 2022, 12pm","  £35,000 to £40,000",   4 November 2022
CA11336 - 3D Virtual Anatomy Table inclusive of warranty and licensing,New College Swindon,  Opportunity,  Open,  SN3 1AH,"  14 November 2022, 10am",  £0,   4 November 2022
Arden Hall Playground Re-Development,Castle Bromwich Parish Council,  Opportunity,  Open,  b369pb,"  22 December 2022,  4pm","  £100,000",   4 November 2022
Camden and Islington Oral Health Promotion Service,London Borough of Camden,  Opportunity,  Open,  England,"  12 December 2022, 12pm","  £2,000,000 to £2,772,720",   4 November 2022
Specialist Nursing Beds,N E L COMMISSIONING SUPPORT UNIT,  Opportunity,  Open,  London,"  25 November 2022,  5pm","  £4,500,000 to £6,000,000",   4 November 2022
North East LEP Digital Development Framework,North Tyneside Council,  Opportunity,  Open,  England,"   5 December 2022, 12pm","  £1,000,000",   4 November 2022
New Construction Cadet Training Centre - Lincolnshire,East Midlands Reserve Forces and Cadets Association,  Opportunity,  Open,  Any region,"  21 January 2023, 12am","  £4,000,000",   4 November 2022
705759450 - The Provision of a JFACTSU Simulation Systems Manager,Ministry of Defence,  Opportunity,  Open,  Any region,"   7 December 2022, 10am","  £415,000",   4 November 2022
Tree Maintenance - Reactive - Tree Maintenance - Reactive - Homes for Haringey,London Borough of Haringey - Parks and Leisure,  Opportunity,  Open,  United Kingdom,"  21 November 2022, 10am",  £0,   4 November 2022
Birchwood Leisure Centre Refurbishment,Warrington Borough Council,  Opportunity,  Open,  WA3 7PQ,"   2 December 2022, 12pm","  £1,200,000",   4 November 2022
Entrepreneurial Training,Sandwell Metropolitan Borough Council,  Opportunity,  Open,  B69 3DB,"  18 November 2022,  3pm","  £40,000 to £50,000",   4 November 2022
DHSC: OHID: National Training for Stop Smoking Practitioners,Department of Health and Social Care,  Early engagement,  Open,  SW1H 0EU,   2 December 2022,Publication date  4 November 2022,None
Lighting and Power Distribution System (LAPDS),Ministry of Defence,  Opportunity,  Open,  BS34 8JH,"   4 December 2022, 11:59pm","  £2,500,000",   4 November 2022
CPU 4972 (MDC) Temporary alternative accommodation and professional decant services,Mansfield District Council,  Opportunity,  Open,  London,"  16 November 2022, 12pm","  £0 to £150,000",   4 November 2022
Provision of Vehicle Activated Speed Indicator Devices,North Lincolnshire Council,  Opportunity,  Open,  DN15 9YH,"  18 November 2022, 12pm",  £0,   4 November 2022
The Supply and Support of FBC Analyser,Leidos Supply,  Opportunity,  Open,  Any region,"   7 December 2022, 12pm","  £489,600 to £1,152,000",   4 November 2022
Baseline Asset Condition and Survey of  Tanks,Northern Trains Ltd,  Opportunity,  Open,  YO1 6HZ,"  20 January 2023, 12pm",  £0,   4 November 2022
Peer Advocacy & Participation Service,Liverpool City Council,  Opportunity,  Open,  England,"   5 December 2022, 12pm","  £120,000 to £720,000",   4 November 2022
The Provision of a Resource Augmentation Service in direct support of the Defence College of Technical Training inc International Defence Training,Ministry of Defence,  Opportunity,  Open,  WV7 3EX,"  12 December 2022, 11:59pm","  £4,705,000",   4 November 2022
"PRP180 Proposed Flat Roof Renewal at Coton-in-the-Elms Primary School, Elmslea Avenue, Swadlincote, Derbyshire DE12 8HE",Derbyshire County Council,  Opportunity,  Open,  England,"   2 December 2022, 11am","  £285,000",   4 November 2022
"Provision of Diabetic Eye Screening Programme in Arden, Herefordshire and Worcestershire",NHS England,  Opportunity,  Open,  West Midlands,"   2 December 2022, 12pm","  £0 to £19,546,727",   4 November 2022
Planning consultant - Aquatics Centre - Ipswich,Ipswich Borough Council,  Opportunity,  Open,  IP1 2DE,"  21 November 2022, 11am",  £0,   4 November 2022
DN641238 Therapeutic Service to Reduce Demand,Liverpool City Council,  Opportunity,  Open,  England,"  30 November 2022, 12pm","  £198,500",   4 November 2022
Supply of Two (2) Automated Vacuum Infiltration Tissue Processors,Defra Network eTendering Portal,  Future opportunity,  Open,  KT15 3NB,Approach to market date 17 November 2022,  £0,   4 November 2022
Teams Telephony,General Pharmaceutical Council,  Opportunity,  Open,  London,"   6 December 2022, 12pm","  £435,000",   4 November 2022
Supply and Maintenance of Postcode Unit Polygons,Ordnance Survey,  Opportunity,  Open,  SO16 0AS,"   1 December 2022, 12pm",  £0,   4 November 2022
External decorations and pre-paint repairs to exterior and communal areas (494-AHL),Alliance Homes,  Opportunity,  Open,  BS20 7AW,"   5 December 2022, 12pm","  £1,200,000 to £4,200,000",   4 November 2022
Village Maintenance Contract 2023-26,Bourton on the Water Parish Council,  Opportunity,  Open,  GL54 2AZ,"   5 December 2022, 12pm","  £25,000",   4 November 2022
SORT - Street Out Reach,London Borough of Hackney,  Opportunity,  Open,  England,"   5 December 2022, 12pm","  £1,000,000",   4 November 2022
Catering Equipment Maintenance and Repair,Sunderland City Council,  Opportunity,  Open,  England,"   5 December 2022, 12pm","  £400,000",   4 November 2022
Thrapston Town Council Grounds and Amenities Maintenance,Thrapston Town Council,  Opportunity,  Open,  NN14 4JJ,"  22 December 2022, 12pm","  £50,000",   4 November 2022
GB-Bristol: Office for Students - Evaluation of the Postgraduate Conversion Course Scholarship Programme,Office for Students,  Opportunity,  Open,  South West,"   7 December 2022,  4pm","  £100,000 to £500,000",   4 November 2022
Rear single storey extension for a disabled person in Denton,Tameside Metropolitan Borough Council,  Opportunity,  Open,  m34 6nb,"   2 December 2022, 12pm","  £35,000",   4 November 2022
Beck Hole Bridge Maintenance,North Yorkshire County Council,  Opportunity,  Open,  Yorkshire and the Humber,"   2 December 2022, 12pm","  £55,000 to £60,000",   4 November 2022
2022_Comms - Intranet Strategy,BRITISH COUNCIL(THE),  Opportunity,  Open,  Rest of the World,"  25 November 2022, 10am","  £50,000",   4 November 2022
PAPI 346.1 - Motorised Crane Moving Tug,University of York,  Opportunity,  Open,  YO10 5GE,"  14 November 2022,  5pm","  £40,500",   4 November 2022
Play Area Surfacing (PGP/2022/1480),Stoke-on-Trent City Council,  Opportunity,  Open,  ST4 1HH,"   5 December 2022, 12pm","  £420,000",   4 November 2022
South Park Outdoor Gym,London Borough of Hammersmith & Fulham,  Opportunity,  Open,  London,"  30 November 2022, 12pm","  £20,000",   4 November 2022
MBC000420 South Tees Sexual Health Prevention Service - C-card and Education and Training (Lot 1),Middlesbrough Borough Council,  Opportunity,  Open,  United Kingdom,"  23 November 2022, 11:59pm","  £398,320","  31 October 2022, last edited  4 November 2022"
Staying Independent at Home,Birmingham City Council,  Early engagement,  Open,  United Kingdom,  16 November 2022,Publication date  4 November 2022,None
General Advice on Estates and Property Management - Vacant-land purchase services,"Royal Botanical Gardens, Kew",  Opportunity,  Open,  United Kingdom,"  11 November 2022, 12pm","  £60,000","  18 October 2022, last edited  4 November 2022"
Invitation to Submit Expressions of Interest (EOI) for Provision of Car and Van Cost and Performance Data,ENERGY SYSTEMS CATAPULT LIMITED,  Early engagement,  Open,  United Kingdom,   5 December 2022,Publication date  4 November 2022,None
Market Engagement - Supported Living - Housing Provision,Bath and North East Somerset Council,  Early engagement,  Open,  England,   1 December 2022,Publication date  4 November 2022,None
Compressed Air Systems Maintenance Services,UNIVERSITY OF MANCHESTER,  Opportunity,  Open,  M13 9PL,"   7 December 2022, 12pm","  £900,000",   4 November 2022
"PAPI 349.1 - High Resolution Scanner, Printer & Ancillary Equipment / Software",University of York,  Opportunity,  Open,  YO10 5GE,"  14 November 2022,  5pm","  £22,500",   4 November 2022
Beyond Beds,NHS England,  Opportunity,  Open,  LS2 7UE,"  15 November 2022, 12pm","  £60,000","   1 November 2022, last edited  4 November 2022"
Pastures (Provision of Contractor),London Borough of Sutton,  Opportunity,  Open,  England,"  23 January 2023, 12pm","  £5,000,000",   4 November 2022
Digital Fellowship for Ethnic Minority Nurses,NHS England,  Opportunity,  Open,  LS2 7UE,"  15 November 2022, 12pm","  £22,500","   1 November 2022, last edited  4 November 2022"
PAPI 344.1 - CNC Plasma Tube Cutting System,University of York,  Opportunity,  Open,  YO10 5GE,"  14 November 2022,  5pm","  £65,500","   4 November 2022, last edited  4 November 2022"
RFI - Student Brand Ambassadors,Foreign Commonwealth and Development Office,  Early engagement,  Open,  SW1A 2AH,  15 November 2022,"Publication date 25 October 2022, last edited  4 November 2022",None
The Croydon Road Recreation Ground Bowie Bandstand Restoration Project,London Borough of Bromley,  Opportunity,  Open,  England,"  16 December 2022, 12pm","  £200,000",   4 November 2022
Property Agent Services - Debenhams Chatham,Medway Council,  Opportunity,  Open,  England,"  22 November 2022,  5pm","  £20,000",   4 November 2022
Rewires Programme 2022/23,Cobalt Housing e-Tendering,  Opportunity,  Open,  L11 2SF,"  18 November 2022, 12pm","  £1,000,000 to £1,500,000","   4 November 2022, last edited  4 November 2022"
NCC428 Integrated Sexual Health Service,Northumberland County Council,  Opportunity,  Open,  England,"   9 December 2022, 12pm","  £9,522,000",   4 November 2022
2022 - 0975 Chimney Sweep Services,Citizen,  Opportunity,  Open,  B37 7YN,"  18 November 2022, 11am","  £36,000 to £44,000",   4 November 2022
NTL - TRU & SIF Programme - Minor Works,Northern Trains Ltd,  Opportunity,  Open,  YO1 6HZ,"  25 November 2022,  5pm","  £0 to £3,250,000",   4 November 2022
Professional Paramedic Advocate (PPA) Training Programme,NHS England,  Opportunity,  Open,  LS2 7UE,"  18 November 2022, 12pm","  £100,000",   4 November 2022
Lowestoft Town Hall Project - Heritage Interpretation Specialist(s),Lowestoft Town Council,  Opportunity,  Open,  East of England,"  24 November 2022, 12pm","  £60,000",   4 November 2022
Wet room installation,Woking Borough Council,  Opportunity,  Open,  South East,"   2 December 2022,  2pm","  £500,000",   4 November 2022
"13313 - Demolition and Associated Works at 95-97 Beaumont Road, Bournville Birmingham, B30 2EB",Birmingham City Council,  Opportunity,  Open,  B7 4BL,"  25 November 2022, 12pm",  £0,"   4 November 2022, last edited  4 November 2022"
Landscape Project for Great Northumberland Forest,Northumberland County Council,  Opportunity,  Open,  England,"  21 November 2022,  9am","  £30,000",   4 November 2022
"Provision of Supply and Installation Of Multi-Split And Split ACs In British Embassy, Kathmandu",Foreign Commonwealth and Development Office,  Opportunity,  Open,  Any region,"  18 November 2022,  5pm","  £29,067",   4 November 2022
Contract 56 - Responsive Repairs - Insulation and Extraction  2023-25,North Tyneside Council,  Opportunity,  Open,  England,"   9 December 2022, 12pm","  £450,000",   3 November 2022
Creation of Ponds within the Skell Valley,Harrogate Borough Council,  Opportunity,  Open,  HG1 2AE,"  17 November 2022,  6pm","  £45,000 to £55,000",   3 November 2022
PLACE116 Supply and Installation of Bus Shelters,Derbyshire County Council,  Opportunity,  Open,  United Kingdom,"   5 December 2022,  6pm","  £800,000",   3 November 2022
CA11300 - Finchley Catholic High School - Building Cleaning Services Contract,Tenet Education Services Ltd,  Opportunity,  Open,  M6 6AJ,"   5 December 2022, 10am",  £0,   3 November 2022
Moredon Sports Hub - Cycle Track & Car Parking,Swindon Borough Council,  Opportunity,  Open,  SN2 2QJ,"  14 November 2022,  2pm","  £1,805,000","   8 October 2022, last edited  3 November 2022"
Compact Optical spectrometers,University of Bristol,  Opportunity,  Open,  South West,"  25 November 2022,  4pm","  £75,000",   3 November 2022
Dental Workforce Development Accredited Courses Programme  - Health Education England,Health Education England,  Opportunity,  Open,  LS1 4PL,"  17 November 2022, 12pm","  £0 to £42,000",   3 November 2022
C20011 - Supply and Repair of Ladders,Kent Fire and Rescue Service,  Opportunity,  Open,  United Kingdom,"   7 December 2022, 12pm","  £8,000,000",   3 November 2022
GB-London: THE REPLACEMENT OF ONE CAMA PLATFORM LIFT,Royal Museums Greenwich,  Opportunity,  Open,  London,"   1 December 2022,  9am","  £25,000 to £50,000","   1 November 2022, last edited  3 November 2022"
Communal and Domestic Electrical Testing Services & Works Framework,Hyde Housing Association Ltd,  Opportunity,  Open,  SE1 9EQ,"   5 December 2022, 12pm",  £0,   3 November 2022
"Watermans Park, 6 North Rd, Brentford TW8 0BJ - Boardwalk Works",London Borough of Hounslow,  Opportunity,  Open,  England,"  17 November 2022,  5pm","  £150,000",   3 November 2022
UKSAC22_0055 - Earth Observation Instrumentation Programme - RFP,"Department for Business, Energy & Industrial Strategy",  Opportunity,  Open,  Any region,"  21 November 2022, 11am","  £1,000,000 to £8,000,000","  10 October 2022, last edited  3 November 2022"
ITT For the Provision of a HR and Payroll System,ROCHDALE BOROUGHWIDE HOUSING LIMITED,  Opportunity,  Open,  North West,"   5 December 2022,  5pm","  £300,000",   3 November 2022
High Voltage Electricity Switchgear Maintenance (2023-2027),Magnox Limited,  Early engagement,  Open,  BS35 1RQ,  10 November 2022,"Publication date 27 October 2022, last edited  3 November 2022",None
Mapping broad-scale grassland habitat types,Natural England,  Opportunity,  Open,  England,"  17 November 2022,  5:30pm","  £10,000 to £24,999","  18 October 2022, last edited  3 November 2022"
Professional Midwifery Advocate (PMA) Training Programme 2022/23,NHS England,  Opportunity,  Open,  LS2 7UE,"  17 November 2022, 12pm","  £99,950",   3 November 2022
Mapping expansion and degradation of Saltmarsh,Natural England,  Opportunity,  Open,  England,"  17 November 2022,  5:30pm","  £10,000 to £24,999","  18 October 2022, last edited  3 November 2022"
Developing the broad-scale mapping of Montane Habitats,Natural England,  Opportunity,  Open,  England,"  17 November 2022,  5:30pm","  £10,000 to £24,999","  18 October 2022, last edited  3 November 2022"
15MW Drive Train Test Facility Upgrade,Offshore Renewable Energy Catapult,  Opportunity,  Open,  NE24  1LZ,"   6 December 2022, 12pm","  £1 to £52,600,000",   3 November 2022
MMO1338_Understanding and Exploring Co-existence Opportunities and Displacement,MMO,  Opportunity,  Open,  SW1P 3JR,"  24 November 2022, 12pm",  £0,   3 November 2022
Bus Service Improvement Plan (BSIP) Topographical Surveys,North Somerset Council,  Opportunity,  Open,  South West,"  17 November 2022,  1pm","  £75,000","   3 November 2022, last edited  3 November 2022"
Police Personal Safety Training Equipment,Police and Crime Commissioner for Dyfed Powys,  Opportunity,  Open,  Wales,"  22 November 2022,  2pm","  £160,000",   3 November 2022
Rationalisation/Consolidation of Licensing; Building; Control; Planning; Public Protection; Private Housing and Land Charges Applications,Bury Council,  Opportunity,  Open,  England,"   5 December 2022, 10am","  £450,000",   3 November 2022
Provision of Physiotherapy  Services,Sandwell Metropolitan Borough Council,  Opportunity,  Open,  B69 3DB,"   5 December 2022,  3pm","  £240,000",   3 November 2022
AEP REACH Compliant Aluminium Barrel Development Rounds,Ministry of Defence,  Opportunity,  Open,  SP4 0JQ,"  14 November 2022, 11:59pm","  £50,000 to £350,000","   3 November 2022, last edited  3 November 2022"
Laser Ablation System for the Natural History Museum,Natural History Museum,  Opportunity,  Open,  London,"  18 November 2022, 12pm","  £210,000",   3 November 2022
RFI: Early Years Dental Training Curriculum Production - HEE,Health Education England,  Early engagement,  Open,  LS1 4PL,  17 November 2022,Publication date  3 November 2022,None
UKRI-2555 - sCMOS Scientific Cameras,UK Research and Innovation,  Opportunity,  Open,  South East,"   7 December 2022, 11am","  £250,000",   3 November 2022
UKRI-2554 - EPAC High Sensitivity Scientific Cameras,UK Research and Innovation,  Opportunity,  Open,  South East,"   7 December 2022, 11am","  £245,000",   3 November 2022
CA11316 - Education Training Collective: Supply of Furniture,Education Training Collective,  Opportunity,  Open,  TS17 6FB,"  28 November 2022, 12pm",  £0,   3 November 2022
DfE Dynamic Purchasing System for Skills Bootcamps,Department for Education,  Future opportunity,  Open,"  North East, North West, Yorkshire and the Humber, East Midlands, West Midlands, East of England, London, South East, South West",Approach to market date 14 November 2022,  £0,"  31 October 2022, last edited  3 November 2022"
HBC - CONTRACT FOR THE PROVISION OF A CREATIVE STRATEGY FOR HERTSMERE,Hertsmere Borough Council,  Opportunity,  Open,  WD6 1WA,"  16 December 2022, 12pm","  £40,000",   3 November 2022
Short break services for disabled Children,London Borough of Barking and Dagenham,  Opportunity,  Open,  IG11 7LU,"   8 December 2022,  2pm","  £1 to £2,000,000","   7 January 2022, last edited  3 November 2022"
QU572 - Birmingham Better Mental Health Fund Evaluation,Birmingham City Council,  Opportunity,  Open,  B4 7WB,"  11 November 2022, 12pm",  £0,"  14 October 2022, last edited  3 November 2022"
BwD Safe & Warm Homes Service,Blackburn with Darwen,  Opportunity,  Open,  England,"   5 December 2022, 12pm","  £257,355",   3 November 2022
Laying of 43 beach hut bases and refurbishing the Bowls Pavilion into an amenity building for Great Yarmouth Borough Council,Breckland District Council and South Holland District Council,  Opportunity,  Open,  NR19 1EE,"  30 November 2022,  5pm","  £200,000 to £250,000",   3 November 2022
Provision of Air Conditioning servicing and maintenance at British High Commission Kigali,Foreign Commonwealth and Development Office,  Opportunity,  Open,  SW1A 2AH,"  23 November 2022,  2pm",  £0,   3 November 2022
Ellesmere Town Council - Gardening Contract 2023-26,ELLESMERE TOWN COUNCIL,  Opportunity,  Open,  SY12 0AL,"   7 December 2022,  5pm","  £20,000 to £40,000","   3 November 2022, last edited  3 November 2022"
Sign Shop Materials,EU SUPPLY LIMITED,  Opportunity,  Open,  Yorkshire and the Humber,"  11 November 2022, 12pm","  £560,000 to £570,000","   5 October 2022, last edited  3 November 2022"
Document Handling and Workflow solution,Espo,  Opportunity,  Open,  United Kingdom,"  11 November 2022, 12pm","  £100,000","   7 October 2022, last edited  3 November 2022"
"School Health, Wellbeing and Behaviours survey",Luton Council,  Opportunity,  Open,  England,"  17 November 2022,  5pm","  £30,000",   3 November 2022
NPL - Cross Site Time Fibre (CSTF),National Physical Laboratory,  Opportunity,  Open,  TW11 0LW,"   9 December 2022,  6pm",  £0,   3 November 2022
H&J Workforce Plan (Midlands),NHS England,  Opportunity,  Open,  LS2 7UE,"  11 November 2022, 12pm","  £80,000","  18 October 2022, last edited  3 November 2022"
Provision & Fixing of Military Pattern Memorials for Armed Forces Personnel-RFI,Ministry of Defence,  Early engagement,  Open,  GL3 1HW,  30 November 2022,"Publication date 19 October 2022, last edited  3 November 2022",None
Arboricultural Maintenance Services,Bedford Borough Council,  Opportunity,  Open,  MK42 9AP,"   2 December 2022, 12pm","  £600,000 to £1,100,000","   1 November 2022, last edited  3 November 2022"
Enterprise Service Management System - RFI,Cornwall Council,  Early engagement,  Open,  England,  18 November 2022,Publication date  3 November 2022,None
UKRI-2513 Raman Spectrometers for UV and Visible Wavelengths,UK Research and Innovation,  Opportunity,  Open,  South East,"   7 December 2022,  2pm","  £125,000",   3 November 2022
Expression of Interest for Multiply course provision in Greater Manchester on behalf of the Workers' Educational Association (WEA).,Workers' Educational Association (WEA),  Opportunity,  Open,  LS3 1AB,"  14 November 2022,  9am","  £0 to £1,000,000",   3 November 2022
Research on Women Experiencing 'Hidden' Homelessness in the UK,Office for National Statistics,  Opportunity,  Open,  NP10 8XG,"  17 November 2022, 12pm","  £0 to £100,000","   3 November 2022, last edited  3 November 2022"
"Supply of Bus Shelters, Real Time Passenger Information  Systems (RTPI) and Associated Services Y22030",Kent County Council (trading as KCS),  Opportunity,  Open,  United Kingdom,"  19 December 2022,  2pm","  £0.10 to £50,000,000",   3 November 2022
PURCON 1056 Create Growth DPS,University of East Anglia,  Opportunity,  Open,  NR4 7TJ,"  31 March 2025,  5pm",  £0,   3 November 2022
GMCA 591 GM Sports and Physical Activity Strategic Delivery Partner,Greater Manchester Combined Authority,  Opportunity,  Open,  England,"   2 December 2022, 12pm","  £600,000",   3 November 2022
Supply of Electrical Testing Services Y23003,Kent County Council (trading as KCS),  Opportunity,  Open,  United Kingdom,"  19 December 2022,  2pm","  £0.10 to £10,000,000",   3 November 2022
FM22251 - Assessment of CfD Supply Chain Plans and Post Build Reports,"Department for Business, Energy & Industrial Strategy",  Opportunity,  Open,  Any region,"   8 November 2022, 11am","  £105,000","  14 October 2022, last edited  3 November 2022"
Supply of Promotional Merchandise - Y23034,Kent County Council (Trading as KCS),  Opportunity,  Open,  United Kingdom,"  19 December 2022,  2pm","  £0.10 to £1,000,000",   3 November 2022
PURCON 1058 Developing a Home User Test Kit,University of East Anglia,  Opportunity,  Open,  NR4 7TJ,"  25 November 2022, 12pm","  £0 to £86,000",   3 November 2022
IA2806 Framework Agreement for the Provision of OT Assessments,Staffordshire County Council,  Opportunity,  Open,"  United Kingdom, Isle of Man, Channel Islands, British Oversea Territories, Europe, Rest of the World","  14 November 2022, 12pm","  £0 to £5,000,000","   7 October 2022, last edited  3 November 2022"
Careers Inspiration Programme,MACINTYRE ACADEMIES,  Opportunity,  Open,  West Midlands,"  11 November 2022,  5pm","  £150,000","  17 October 2022, last edited  3 November 2022"
Poole Bridge to Hunger Hill (PBHH) Flood Defence Scheme,Bournemouth Christchurch and Poole Council,  Opportunity,  Open,  England,"  15 December 2022,  2pm","  £12,000,000",   3 November 2022
VRU mentoring,South Gloucestershire Council,  Opportunity,  Open,  BS37 5AF,"   5 December 2022, 12pm","  £120,000",   3 November 2022
CA11330 - PAT Testing,West Suffolk NHS Foundation Trust,  Opportunity,  Open,  IP33 2QZ,"  25 November 2022, 12pm",  £0,   3 November 2022
Hard Landscaping - Hard Landscaping - Parks,London Borough of Haringey - Parks and Leisure,  Opportunity,  Open,  United Kingdom,"   8 November 2022,  3pm",  £0,   3 November 2022
CA11328 - Tender for a Virtual Reality Training Platform,New College Swindon,  Opportunity,  Open,  SN3 1AH,"  28 November 2022, 12pm",  £0,   3 November 2022
22-56 Student Employment Services,UNIVERSITY OF WOLVERHAMPTON ENTERPRISE LIMITED,  Opportunity,  Open,  West Midlands,"   2 December 2022,  1pm",  £1,   3 November 2022
GLP Pig-A Gene Mutation Study for M102,UNIVERSITY OF SHEFFIELD,  Opportunity,  Open,  Yorkshire and the Humber,"  23 November 2022, 12pm","  £80,000 to £130,000","   3 November 2022, last edited  3 November 2022"
Survey of Fire Compartments to Identify Compliancy,Calderdale and Huddersfield Solutions LTD,  Opportunity,  Open,  HD3 3EA,"   8 December 2022, 12pm","  £70,000",   3 November 2022
COV - Applicant Tracking Software System,Coventry City Council (COV),  Opportunity,  Open,  CV1 2GN,"   5 December 2022, 12pm","  £0 to £200,000","   3 November 2022, last edited  3 November 2022"
DfT Provision of Transport Modeller Specialist Recruitment Services,DfTc - Department for Transport,  Opportunity,  Open,"  Any region, London, South East","  21 November 2022,  6pm","  £0 to £30,000",   3 November 2022
Outsourced Distribution Service - Y23055,Kent County Council (t/a KCS),  Opportunity,  Open,  United Kingdom,"  16 December 2022,  2pm","  £1,000,000 to £7,500,000",   3 November 2022
MINOR WORKS (ELECTRICAL),Derbyshire Support and Facilities Services,  Opportunity,  Open,  S44 5BL,"   5 December 2022, 12pm","  £1,250,000 to £1,750,000",   3 November 2022
Supply Chain Services,"Chemonics International, Inc.",  Opportunity,  Open,"  Europe, Rest of the World","  23 November 2022,  1:59pm",  £0,"  13 October 2022, last edited  3 November 2022"
Supercontinuum White Light Source,The University of Warwick,  Opportunity,  Open,  CV4 7AL,"   1 December 2022, 12pm","  £100,000 to £149,000",   3 November 2022
Cleaning and Maintenance of Gutter Systems,Oxford Brookes University,  Opportunity,  Open,  OX3 0BP,"   2 December 2022,  3pm",  £0,   3 November 2022
Distribution Boards and Emergency Lighting Replacement,Herefordshire Council,  Opportunity,  Open,  West Midlands,"  30 November 2022,  1pm","  £320,000",   3 November 2022
"Electrical Remedial Work at BHC, New Delhi",Foreign Commonwealth and Development Office,  Opportunity,  Open,  Any region,"   2 December 2022,  5pm","  £45,000",   3 November 2022
Appointment for stand build contract for SIRHA (France) 19 - 23 January 2023,DEPARTMENT FOR ENVIRONMENT FOOD & RURAL AFFAIRS,  Opportunity,  Open,  France,"  25 November 2022, 12pm","  £40,000 to £45,000",   3 November 2022
0849 Advertising & Marketing Services,University of Bradford,  Opportunity,  Open,  Yorkshire and the Humber,"   3 December 2022, 10am","  £3,000,000",   3 November 2022
"Preliminary Market Engagement (PME#2)    East Riding of  Yorkshire Council Live Lab, High Visual Road Network Efficiency   High Visual Efficiency for low carbon lighting - De-Carbonising street lighting",.East Riding Of Yorkshire Council,  Early engagement,  Open,  HU17 9AB,  25 November 2022,Publication date  3 November 2022,None
"Provision of an Ex-service, single decker Euro 6 bus (for conversion by others)",East Riding of Yorkshire Council,  Opportunity,  Open,  Yorkshire and the Humber,"  16 November 2022, 12pm",  £0,   3 November 2022
CA11311 - Mobile Resting Electrocardiograph (ECG) Machines x 4,New College Swindon,  Opportunity,  Open,  SN3 1AH,"  17 November 2022, 10am",  £0,"   2 November 2022, last edited  3 November 2022"
Dorset Families Matter - Family Support Packages,Dorset Council,  Opportunity,  Open,  England,"   2 December 2022,  4pm","  £750,000",   3 November 2022
Ruislip High School - MUGA surface replacement,RUISLIP HIGH SCHOOL,  Opportunity,  Open,  HA40BY,"  17 November 2022, 12pm","  £80,000 to £110,000","  26 October 2022, last edited  3 November 2022"
Grounds Maintenance,Royal Berkshire Fire Authority,  Opportunity,  Open,  RG31 7SD,"  14 December 2022,  2pm","  £0 to £200,000",   3 November 2022
Hawking Highlights Tour: Touring Set Build & Fit Out,Science Museum Group,  Opportunity,  Open,  SW7 2DD,"  24 November 2022,  5pm","  £28,000",   3 November 2022
RQ0000011083 RCSP Winch,Ministry of Defence,  Opportunity,  Open,  SP4 0JQ,"   2 December 2022,  5pm","  £40,000",   3 November 2022
Kresen Kernow Cafe,Cornwall Council,  Opportunity,  Open,  United Kingdom,"  29 November 2022, 11:59pm","  £25,000","   3 November 2022, last edited  3 November 2022"
UKRI-2466 Dipole S Gain Media,UK Research and Innovation,  Opportunity,  Open,  South East,"   5 December 2022, 11am","  £400,000",   3 November 2022
The Provision of a Talking Therapy Service for Children and young People on behalf of NHS South West London Integrated Care Board,NHS Shared Business Services,  Early engagement,  Open,  London,  23 November 2022,Publication date  3 November 2022,None
National Framework Agreement for the provision of Infection Control Clinical Surveillance Systems,Countess Of Chester Hospital,  Opportunity,  Open,  United Kingdom,"   5 December 2022,  2pm","  £1 to £20,000,000",   3 November 2022
Analysis of People and Nature Surveys Data,Natural England,  Opportunity,  Open,  United Kingdom,"  18 November 2022, 12pm","  £10,000 to £24,999","   2 November 2022, last edited  3 November 2022"
BHCC Market Engagement Event for Learning Disability Providers,Brighton & Hove City Council,  Early engagement,  Open,  South East,  10 November 2022,Publication date  3 November 2022,None
International Bilateral Fund,UK SPACE AGENCY,  Early engagement,  Open,  SN12 1SZ,   5 December 2022,"Publication date 31 October 2022, last edited  3 November 2022",None
CA11327 - Tender for an Immersive Space,New College Swindon,  Opportunity,  Open,  SN3 1AH,"  27 November 2022, 12pm",  £0,   3 November 2022
New Security Office and IT Networking Room,Simply Serve Ltd,  Opportunity,  Open,  BA21 4AT,"  25 November 2022, 12pm","  £40,000",   3 November 2022
ASW DEPLOYABLES INDUSTRY DAY,Ministry of Defence,  Early engagement,  Open,  South East,  11 November 2022,Publication date  3 November 2022,None
RWM 562 Film production,Nuclear Waste Services,  Opportunity,  Open,  OX11 0GD,"   2 December 2022, 12pm","  £750,000","   2 November 2022, last edited  3 November 2022"
Agreement for the Start-Up Loans Company's Post Loan Support Partner services,The Start-Up Loans Company,  Opportunity,  Open,  Any region,"   7 December 2022, 12pm","  £5,000,000",   3 November 2022
Housing First Tenancy Support and Sustainment Service,West Berkshire,  Opportunity,  Open,  RG14 5LD,"   1 December 2022, 12pm","  £333,409","   1 November 2022, last edited  3 November 2022"
The Provision of an External Print Service 2023,Dudley Metropolitan Borough Council,  Opportunity,  Open,  DY1 1HF,"   5 December 2022, 12pm",  £0,   3 November 2022
CA11261 - Kingston Maurward College - Student Transport Services,Kingston Maurward College,  Opportunity,  Open,  DT2 8PY,"  11 January 2023, 10am",  £0,   2 November 2022
CA11322 - Tender for Simulator Manikins,New College Swindon,  Opportunity,  Open,  SN3 1AH,"   6 December 2022, 12pm",  £0,   2 November 2022
The Provision of Internal Audit Services,The Police and Crime Commissioner for Derbyshire,  Opportunity,  Open,  DE5 3RS,"   2 December 2022, 12pm","  £4,500,000 to £5,000,000",   2 November 2022
Enforcement Agent Services,The Borough Council of Calderdale,  Opportunity,  Open,"  Any region, Wales","  30 November 2022, 12pm","  £500,000 to £1,850,000",   2 November 2022
Online Distance Learning Services Framework,University of Birmingham,  Opportunity,  Open,  B15 2TT,"   2 December 2022, 12pm",  £0,"   2 November 2022, last edited  2 November 2022"
Power and Data Works Framework,Yorkshire and Humber Police Procurement (Y&HPP),  Opportunity,  Open,  Any region,"   6 January 2023,  3pm","  £0 to £27,934,000",   2 November 2022
Eversley Park play area renewal,Kings Worthy Parish Council,  Opportunity,  Open,  SO237NJ,"   1 December 2022,  5pm","  £0 to £100,000",   2 November 2022
Soft & Hard Facilities Management,Satellite Applications Catapult,  Opportunity,  Open,  South East,"   5 December 2022, 12pm",  £0,   2 November 2022
BTA1804 - Destination Management Companies and Inbound Operators to Plan and Operate Showcase Britain Familiarisation Visits,British Tourist Authority t/a VisitBritain/VisitEngland,  Opportunity,  Open,  SW1W 0BD,"  18 November 2022, 12pm","  £177,000",   2 November 2022
Tender for Detonator Building Civils and Electrical works for Explosives Facilities Upgrades,Health & Safety Executive,  Opportunity,  Open,  East Midlands,"  23 November 2022,  3pm","  £120,000 to £150,000",   2 November 2022
"Supply, Delivery and Installation of 1 x 25000 kg Commercial Scissor Ramp",Halton Borough Council,  Opportunity,  Open,  England,"  16 November 2022, 11am",  £0,   2 November 2022
Supply and Delivery of 1 x Compact Tractor,Halton Borough Council,  Opportunity,  Open,  England,"  16 November 2022, 11am",  £0,   2 November 2022
Multiply (adult numeracy) RCTs and 'What Works' programme of RCTs and trials,Department For Education,  Early engagement,  Open,  United Kingdom,  12 November 2022,Publication date  2 November 2022,None
RBGKEW1127 - Kew Easter Festival 2023,Board of Trustees of the Royal Botanic Gardens Kew,  Opportunity,  Open,  TW9 3AE,"  23 November 2022, 11am","  £25,000",   2 November 2022
YPO - 001104 - Travel Management Solution II,YPO,  Opportunity,  Open,  United Kingdom,"   5 December 2022,  2pm","  £50,000,000 to £200,000,000",   2 November 2022
Dynamic Purchasing System for Provision of Supported Living for Adults Aged over 18,Medway Council,  Opportunity,  Open,  ME4 4TR,"   2 December 2022,  1pm","  £15,115,000","   2 November 2022, last edited  2 November 2022"
"The UK currently faces a challenging economic climate - with increased energy prices, growing inflation, interest rate rises and the 'cost of living crisis'.  This impacts the third sectors' resilience, at a time when residents experiencing greater hardship are increasingly likely to require the support that the VCFS can offer.  This service aims to provide timely support to address short -term challenges and establish long-term resilience and productivity, recognising a healthy VCFS is essential to a thriving Surrey.
      
      By providing immediate direct support to community groups through this service, creating sustainable resources and guidance, up-skilling Councils fo",Surrey County Council,  Opportunity,  Open,  RH2 8EF,"  23 November 2022, 12:30pm",  £0,   2 November 2022
Bowls Pavillion toilet rebuild,Water Orton Parish Council,  Opportunity,  Open,  B46 1RU,"  18 November 2022,  5pm","  £50,000",   2 November 2022
Vat Split Payments,H M Revenue & Customs,  Early engagement,  Open,  United Kingdom,  18 November 2022,"Publication date 28 October 2022, last edited  2 November 2022",None
The provision of data by companies engaging with self-employed individuals for an Income Tax in-year calculation pilot,H M Revenue & Customs,  Early engagement,  Open,  United Kingdom,  23 November 2022,Publication date  2 November 2022,None
MBC Cleaning and Waste Clearance,Maidstone Borough Council,  Opportunity,  Open,  England,"  16 December 2022, 12pm",  £0,"   2 November 2022, last edited  2 November 2022"
Event (Utility) Buggy Hire - Tall Ships 2023,Hartlepool Borough Council,  Opportunity,  Open,  TS24 8AY,"  18 November 2022,  2pm",  £0,   2 November 2022
West Hertfordshire Teaching Hospitals - Contract for Partnership in the Provision of West Herts Stoma Care Services,West Hertfordshire Teaching Hospitals,  Opportunity,  Open,  WD18 0HB,"   1 December 2022, 12pm",  £0,   2 November 2022
Services to Support Young People into Learning & Employment (NEET Prevention),Liverpool City Council,  Opportunity,  Open,  England,"  30 November 2022,  1pm","  £1,530,000",   2 November 2022
Plant Hire - Tall Ships 2023,Hartlepool Borough Council,  Opportunity,  Open,  TS24 8AY,"  18 November 2022,  2pm",  £0,   2 November 2022
External Audit Services (507-AHL),Alliance Homes,  Opportunity,  Open,  BS20 7AW,"  28 November 2022, 11:59am","  £80,000 to £150,000",   2 November 2022
Temporary Accommodation (Cabins) - Tall Ships 2023,Hartlepool Borough Council,  Opportunity,  Open,  TS24 8AY,"  18 November 2022,  2pm",  £0,   2 November 2022
Direct Payment Employment Support Service,London Borough of Waltham Forest,  Opportunity,  Open,  England,"   2 December 2022,  5pm","  £240,000",   2 November 2022
Proposed Contract for Supply of Power Bi Foundation Training Courses,Bromsgrove District Council,  Opportunity,  Open,  England,"  10 November 2022, 10am",  £0,   2 November 2022
673 - Fundraising and Engagement Service,UNIVERSITY OF GLOUCESTERSHIRE,  Opportunity,  Open,  South West,"  14 November 2022, 11:59pm","  £1 to £62,000","  24 October 2022, last edited  2 November 2022"
"DDP079 Re-development of Former Market Hall and Bus Station, Bakewell Road, Matlock",Derbyshire Dales District Council,  Opportunity,  Open,  England,"  12 December 2022, 12pm","  £1,000,000",   2 November 2022
71-81 Tavener Drive Re-Roofing Works,Hightown Housing,  Opportunity,  Open,  HP2 4XH,"  30 November 2022, 12pm",  £0,"   2 November 2022, last edited  2 November 2022"
Early Engagement,Department for Education,  Early engagement,  Open,  SW1P 3BT,  25 November 2022,"Publication date  2 November 2022, last edited  2 November 2022",None
HRA and Non-HRA Property Valuation Services,Folkestone and Hythe District Council,  Opportunity,  Open,  England,"  30 November 2022, 12pm","  £150,000",   2 November 2022
Consultancy Services For Social Care Innovation Programme Summative Assessment,.East Riding Of Yorkshire Council,  Early engagement,  Open,  Yorkshire and the Humber,  30 November 2022,"Publication date  2 November 2022, last edited  2 November 2022",None
Private Sector Licensing Services,London Borough of Barking and Dagenham,  Opportunity,  Open,  IG11 7LU,"  16 December 2022,  2pm","  £1 to £80,000,000",   2 November 2022
TEC Partnership - Design Team Services Animal Care,TEC Partnership,  Opportunity,  Open,  DN34 5BQ,"  30 November 2022, 12pm",  £0,"   2 November 2022, last edited  2 November 2022"
"The Supply, Installation and Maintenance of Gym Equipment",THE UNIVERSITY OF BIRMINGHAM,  Opportunity,  Open,  B15 2TT,"   5 December 2022, 12pm","  £500,000",   2 November 2022
Supply of a Quantitative Phase Imaging Microscope,The University of Warwick,  Opportunity,  Open,  CV4 7AL,"  30 November 2022, 12pm","  £0 to £200,000",   2 November 2022
High Speed Two (HS2) Limited : Motorised Fire Trolleys,HS2,  Opportunity,  Open,  B4 6GA,"   7 December 2022, 12pm","  £2,037,895.93 to £3,056,843.94",   2 November 2022
Marketing Print,The British Broadcasting Corporation (BBC),  Opportunity,  Open,  Any region,"   2 December 2022,  2pm","  £1,600,000",   2 November 2022
Morden Decoy Pond (Morden Bog NNR) Assessment of Palaeo- environmental Potential,Natural England,  Opportunity,  Open,  South West,"  25 November 2022,  4pm","  £0 to £25,000",   2 November 2022
Window Cleaning Services,University of Bristol,  Opportunity,  Open,  South West,"  16 December 2022,  9am","  £0 to £150,000",   2 November 2022
FS900253 Surveillance of AMR bacteria in raw dog and cat food on retail sale in the UK,The Food Standards Agency,  Opportunity,  Open,  Any region,"  15 December 2022, 12pm","  £230,000",   2 November 2022
Third-Party Catering Tender,University of Bristol,  Opportunity,  Open,  South West,"   9 February 2023,  3pm",  £0,   2 November 2022
Selection Tests for Entry To Grammar Schools - Provision of,London Borough Of Bexley,  Opportunity,  Open,  London,"   9 December 2022, 12pm","  £500,000",   2 November 2022
Zone A QB CICU & Theatre 9 Chiller Upgrade,NHS South West - Acutes,  Opportunity,  Open,  Any region,"   7 December 2022,  4pm","  £200,000 to £220,000",   2 November 2022
Waste Treatment Dynamic Purchasing System,Bristol Waste Company,  Opportunity,  Open,  England,"   5 December 2022, 12pm","  £10,000,000 to £100,000,000",   2 November 2022
RES / AM Provision of Display (Signage & Exhibition) Equipment,Bristol City Council,  Opportunity,  Open,  England,"  13 December 2022, 12pm","  £600,000",   2 November 2022
Water Environment Worker Apprenticeship,Defra Network eTendering Portal,  Opportunity,  Open,  SW1P 3JR,"  12 December 2022, 12pm","  £4,500,000",   2 November 2022
Sports Pavilion,Downend & Bromley Heath Parish Council,  Opportunity,  Open,  BS16 6QW,"   7 December 2022, 12pm","  £600,000","  26 October 2022, last edited  2 November 2022"
"Duty Free Services at St Helier Harbour. Jersey, Channel Islands",Ports of Jersey,  Opportunity,  Open,  Channel Islands,"  28 November 2022, 10am",  £0,   2 November 2022
South Gloucestershire Harmful Sexual Behaviour intervention service,South Gloucestershire Council,  Opportunity,  Open,  BS37 5AF,"  12 December 2022, 12pm","  £400,000",   2 November 2022
Framework for the Supply & Distribution of Building Materials,Home Group,  Opportunity,  Open,  United Kingdom,"   5 December 2022, 12pm","  £9,500,000","  26 October 2022, last edited  2 November 2022"
3494.PS.LWM.22 - Public Relations & Media support provider for India,UNIVERSITY OF SHEFFIELD,  Opportunity,  Open,  Yorkshire and the Humber,"   5 December 2022, 12pm","  £50,000",   2 November 2022
Landscaping around sports pavilion,Downend & Bromley Heath Parish Council,  Opportunity,  Open,  BS16 6QW,"   7 December 2022, 12pm","  £50,000","  26 October 2022, last edited  2 November 2022"
Holderness Ward Footpath Improvements,Hull City Council,  Opportunity,  Open,  Yorkshire and the Humber,"   2 December 2022, 12pm","  £70,000 to £75,000",   2 November 2022
Construction and Installation of a Helideck,County Durham and Darlington Fire and Rescue Service,  Opportunity,  Open,  North East,"   2 December 2022, 12pm","  £0 to £300,000",   2 November 2022
Independent Sexual Violence Advisors Service,South West Police Procurement Services,  Opportunity,  Open,  South West,"   6 December 2022, 10am",  £0,   2 November 2022
M621 Junction 1-7 Improvements - Kerbing,KELTBRAY HIGHWAYS LIMITED,  Opportunity,  Open,  Yorkshire and the Humber,"   9 November 2022,  5pm","  £30,000",   2 November 2022
LDC-014 Fuel Supply Framework,Lichfield District Council,  Opportunity,  Open,  WS7 3JH,"   5 December 2022, 12pm","  £1,800,000",   2 November 2022
Cultural Diagnostic,Health Education England,  Opportunity,  Open,  LS1 4PL,"  16 November 2022,  5pm","  £75,000",   2 November 2022
Installation of renewable energy system at Bracklesham Barn,EAST WITTERING BRACKLESHAM PARISH COUNCIL,  Early engagement,  Open,  PO20 8HU,  31 December 2022,Publication date  2 November 2022,None
Q1316 - Generator Maintenance - RETENDER,Guy's and St Thomas' NHS Foundation Trust,  Opportunity,  Open,  SE1 9RT,"   2 December 2022, 12pm","  £360,000",   2 November 2022
'Be Well this Winter' A Winter Resilience Highly Targeted Outreach Service,West Berkshire Council,  Opportunity,  Open,  RG14 5LD,"  16 November 2022, 12pm","  £0 to £56,550",   2 November 2022
Strategic Framework for the future requirements of water level management on the Somerset Levels and Moors,Natural England,  Opportunity,  Open,  South West,"  18 November 2022,  5pm","  £0 to £24,999",   2 November 2022
Highways GPS System and 5 Year Maintenance,Medway Council,  Opportunity,  Open,  England,"  11 November 2022, 12pm","  £30,000",   2 November 2022
Installation of Changing Places Toilet at Bracklesham Barn,EAST WITTERING BRACKLESHAM PARISH COUNCIL,  Opportunity,  Open,  PO20 8HU,"  15 December 2022,  5pm","  £25,000",   2 November 2022
Supported Living Framework re-opening August 2021,West Sussex County Council,  Opportunity,  Open,  PO19 1RQ,"  30 July 2029,  1:08pm",  £0,"  26 April 2022, last edited  2 November 2022"
Tollgate Hall Carpark Extension,Stanway Parish Council,  Opportunity,  Open,  CO30RH,"  30 November 2022,  5pm","  £50,000",   2 November 2022
"CPU 5867 (MDC) Fritchley Court - Construction of four, one bedroom apartments for social housing",Nottingham City Council,  Opportunity,  Open,  England,"  14 December 2022, 12pm","  £750,000",   2 November 2022
Provision of Support Services for Adults and Children Affected by Domestic Abuse in North Lincolnshire,North Lincolnshire Council,  Opportunity,  Open,  Yorkshire and the Humber,"  23 November 2022,  2pm",  £0,   2 November 2022
Office for Product Safety and Standards - Testing of Eco Design Hot Water Cylinders,"Department for Business, Energy & Industrial Strategy",  Opportunity,  Open,  SW1H 0ET,"   8 November 2022,  3pm","  £35,000","  20 October 2022, last edited  2 November 2022"
Cleaning Services,Yorkshire and Humber Police Procurement (Y&HPP),  Opportunity,  Open,  Yorkshire and the Humber,"   9 December 2022, 12pm",  £0,   2 November 2022
Stakeholder Management System,Intellectual Property Office,  Early engagement,  Open,  NP10 8QQ,  25 November 2022,Publication date  2 November 2022,None
Office of Product Standards and Safety - Testing for Eco Design Dishwashers,"Department for Business, Energy & Industrial Strategy",  Opportunity,  Open,  TW11 0JZ,"   8 November 2022,  3pm","  £60,000","  19 October 2022, last edited  2 November 2022"
GB-Preston: Building extension work,Council of Reserve Forces' and Cadets' Associations,  Opportunity,  Open,  North West,"  11 November 2022, 12am","  £100,000 to £500,000",   2 November 2022
PROVISION OF EXTERNAL AUDIT SERVICES FOR RFCA WALES 2022 - 2027,Reserve Forces' and Cadets' Associations for Wales,  Opportunity,  Open,  Wales,"   7 December 2022, 12am","  £75,000",   2 November 2022
Occupational Health Services,East Suffolk Council,  Opportunity,  Open,  IP12 1RT,"  22 November 2022, 12pm","  £0 to £167,300",   2 November 2022
Audit of Information available to AONBs to support their land use planning advice.,Natural England,  Opportunity,  Open,  England,"  25 November 2022, 12pm",  £1,   2 November 2022
Visitor Management Plan Brief - Gressenhall Access to Nature Project (GANP) Invitation to Quote,Norfolk County Council,  Opportunity,  Open,  East of England,"  18 November 2022, 12pm","  £15,000",   2 November 2022
"Reparation, Victim Services and Referral Order Panel Co-ordination Soft Market Testing Approach",Nottinghamshire County Council,  Early engagement,  Open,  East Midlands,  14 November 2022,Publication date  2 November 2022,None
Luminate Education Group - LEG T042 Tender for ITSS  Project 1,Leeds City College,  Opportunity,  Open,  LS3 1AA,"   5 December 2022, 12pm",  £0,   2 November 2022
"3535/ASTC/GM/22 Framework for the Supply of Service, Calibration & Technical Support to ASTC",University Of Sheffield,  Opportunity,  Open,  S60 5TZ,"  15 November 2022, 12pm","  £0 to £100,000",   2 November 2022
Doncaster NHS Health Checks Service,EU SUPPLY LIMITED,  Opportunity,  Open,  DN1 3BU,"   2 December 2022, 12pm","  £0 to £750,000","   1 November 2022, last edited  2 November 2022"
Call for Expression of Interest - Camborne Town Deal Co-working Space Project,Cornwall Council,  Early engagement,  Open,  England,  28 November 2022,"Publication date  2 November 2022, last edited  2 November 2022",None
Peer Mentoring for Individuals with a Substance Dependency,Department for Work and Pensions,  Opportunity,  Open,"  Any region, North East, North West, London, South East, South West, Scotland, Wales","  21 November 2022, 10am","  £4,000,000",   2 November 2022
Doncaster Domestic Abuse Safe Accommodation Service,Doncaster Council,  Opportunity,  Open,  DN1 3BU,"   2 December 2022, 12pm","  £0 to £1,500,000",   2 November 2022
Health and Safety Equipment,The Pensions Regulator,  Opportunity,  Open,  BN1 4DW,"  18 November 2022,  5pm","  £46,250",   2 November 2022
Developing and delivery sleep studies training,Health Education England,  Opportunity,  Open,  LS1 4PL,"   2 December 2022, 12pm","  £430,000",   2 November 2022
Processing Minor Planning  Applications Support,Canterbury City Council,  Opportunity,  Open,  England,"   1 December 2022, 12pm","  £450,000",   2 November 2022
"Expression of Interest - Grounds Maintenance Services - Sycamore Hall, North Yorkshire",HOUSING 21,  Early engagement,  Open,  DL8 3HF,   2 December 2022,Publication date  2 November 2022,None
Local Authority Childcare Sufficiency Support Contract,Department for Education,  Opportunity,  Open,  SW1P 3BT,"   2 December 2022, 12pm","  £825,000",   2 November 2022
Vascular Surgery Training,Health Education England,  Opportunity,  Open,  LS1 4PL,"  11 November 2022, 12pm","  £108,333.33",   2 November 2022
UKRI-2534 PIP-II Helium Pressure Vessels,UK Research & Innovation,  Opportunity,  Open,  Any region,"   9 December 2022,  2pm","  £100,000",   2 November 2022
Oak National Academy Cycle 1 Specification for Full Curriculum Packages,Oak National Academy,  Opportunity,  Open,  SW1P 3BT,"   5 December 2022, 11:59pm","  £0 to £9,000,000",   2 November 2022
Responsive Drainage Maintenance and Drainage Surveys,Selwood Housing Group,  Opportunity,  Open,  BA14 8RT,"   5 December 2022,  1pm","  £0 to £424,611",   2 November 2022
Refurbishment and alteration works to the pannier market,North Devon District Council,  Opportunity,  Open,  South West,"  25 November 2022, 11:59pm","  £150,000","  11 October 2022, last edited  2 November 2022"
"Provision of Security Guarding Services in British Embassy Rabat, British Consulate General Casablanca & Honorary Consulate Marrakech",Foreign Commonwealth and Development Office,  Opportunity,  Open,  Any region,"  10 November 2022, 10am","  £783,511.80","  28 September 2022, last edited  2 November 2022"
Diversion from offending and early intervention,London Borough of Brent,  Opportunity,  Open,  England,"  28 November 2022, 12pm","  £271,955.25",   1 November 2022
"Construction of new pavilion and associated work at Haddenham, Cambridgeshire",Haddenham Parish Council,  Early engagement,  Open,  East of England,  16 November 2022,Publication date  1 November 2022,None
"Formation of New Football Pitches, Haddenham, Cambs",Haddenham Parish Council,  Early engagement,  Open,  East of England,  16 November 2022,Publication date  1 November 2022,None
Provision of a Sighting System for H&K 416 Carbines,Cheshire Constabulary on behalf of the Police and Crime Commissioner for Cheshire,  Opportunity,  Open,  CW7 2UA,"  21 November 2022, 12pm","  £0 to £150,000",   1 November 2022
Comms on the move Electronic Steerable Antenna Test (CESAT) - Compact Antenna Test Range (CATR),Satellite Applications Catapult,  Opportunity,  Open,  South East,"   1 December 2022, 12pm",  £0,   1 November 2022
"Crystal Palace Park Grounds Maintenance, Tree Surveying, Tree Works and Heritage Conservation Works",Crystal Palace Park Trust,  Opportunity,  Open,  London,"  16 December 2022, 12pm","  £500,000 to £700,000",   1 November 2022
LIFE19NATUK000147 Purchase of timber tree guard stakes,NE,  Opportunity,  Open,  East Midlands,"  17 November 2022, 12pm","  £40,000",   1 November 2022
Termination of Pregnancy Services (TOPs) Northamptonshire,N E L COMMISSIONING SUPPORT UNIT,  Early engagement,  Open,  East Midlands,  14 November 2022,"Publication date  1 November 2022, last edited  1 November 2022",None
e-ITT for Community Services for Fareham Borough,Fareham Borough Council,  Opportunity,  Open,  PO16 7AZ,"   9 December 2022, 12pm","  £40,000",   1 November 2022
"The Wave Centre, Maryport - Swimming Pool and Associated Facilities Extension",Allerdale Borough Council,  Opportunity,  Open,  England,"  22 November 2022, 11am","  £4,860,000",   1 November 2022
One Collection Internal Moves: Large Object Moves Project,Science Museum Group,  Opportunity,  Open,  SW7 2DD,"  30 November 2022,  5pm","  £0 to £950,000",   1 November 2022
Letting Agreement Golf Course Road Cottages,SOUTHAMPTON CITY COUNCIL,  Opportunity,  Open,  so147ly,"  15 November 2022, 12pm","  £15,000",   1 November 2022
St Luke&apos;s Gardens Play Area Refurbishment and improvements to children&apos;s climbing rock area,capitalEsourcing,  Opportunity,  Open,  London,"  30 November 2022,  5pm","  £287,500",   1 November 2022
Ware Cemetery maintenance contract,Ware Town Council,  Opportunity,  Open,  SG120DN,"  30 November 2022,  9am","  £20,000 to £30,000",   1 November 2022
"Market Accelerator for Green Construction (MAGC) - Monitoring, Evaluation & Learning Partner","Department for Business, Energy & Industrial Strategy",  Future opportunity,  Open,  Any region,Approach to market date 10 November 2022,"  £1,100,000",   1 November 2022
M&E Maintenance Services Contract,National Army Museum,  Opportunity,  Open,  SW3 4HT,"  30 November 2022,  5pm","  £125,000",   1 November 2022
Cirrus Consortium Waste Management Framework 2023,Cirrus Purchasing,  Opportunity,  Open,  L3 4AE,"   2 December 2022, 12pm","  £0 to £40,000,000",   1 November 2022
Framework for Occupational Therapy Assessments,Stockport Metropolitan Borough Council,  Opportunity,  Open,  United Kingdom,"  29 November 2022, 12pm","  £0 to £800,000",   1 November 2022
National Survey with people living with diabetes,NHS England,  Opportunity,  Open,  LS2 7UE,"   1 December 2022, 12pm","  £650,000",   1 November 2022
PQ0406 - Employee Assistance Programme,Birmingham City Council,  Opportunity,  Open,  B4 7WB,"  15 November 2022, 12pm",  £0,   1 November 2022
Cafe Refurbishment,Sedgemoor District Council,  Opportunity,  Open,  England,"  29 November 2022, 12pm","  £140,000","   1 November 2022, last edited  1 November 2022"
A resource consumption footprint / baseline and methodology,Defra Network eTendering Portal,  Opportunity,  Open,  Any region,"  25 November 2022, 12pm","  £150,000","  26 October 2022, last edited  1 November 2022"
COV - Housing First 2022,Coventry City Council (COV),  Opportunity,  Open,  CV1 2GN,"   1 December 2022,  1pm","  £0 to £832,000",   1 November 2022
TD1935 - Festive Lights & Seasonal Decorations,Derby City Council,  Opportunity,  Open,  East Midlands,"   1 December 2022, 12pm","  £270,000",   1 November 2022
Regent's Park Bridges Project,The Royal Parks Ltd,  Opportunity,  Open,  London,"  29 November 2022,  2pm","  £1,500,000",   1 November 2022
Gecko Creation Space Lead Architect,Ipswich Borough Council,  Opportunity,  Open,  IP1 2DE,"   1 December 2022, 11am","  £40,000 to £50,000",   1 November 2022
Hazelhurst Court Extra Care Service,London Borough of Lewisham,  Opportunity,  Open,  England,"  20 November 2022, 11:30pm","  £2,717,000","  28 October 2022, last edited  1 November 2022"
PRJ-1210-NCL ICB-Any Qualified Provider (AQP) Termination of Pregnancy Services,NEL Commissioning Support Unit,  Opportunity,  Open,  N1 1TH,"   2 December 2022,  2pm","  £5,683,554",   1 November 2022
"Supply of Sewing Machines, Parts and Ancillary Items, and Repair Services",Ministry of Justice,  Opportunity,  Open,"  Any region, North East, North West, Yorkshire and the Humber, East Midlands, West Midlands, East of England, London, South East, South West, Wales","   5 December 2022, 12pm","  £3,700,000",   1 November 2022
East Midlands 'Made Smarter' Programme - Industrial Digital Technology Advisor Support,Lincolnshire County Council,  Opportunity,  Open,  England,"  18 November 2022, 12pm","  £85,000","  28 October 2022, last edited  1 November 2022"
Interpretation of features for SSSI citations,Natural England,  Opportunity,  Open,  Any region,"   1 December 2022, 12pm",  £0,   1 November 2022
Brand Awareness Audit 2023,COMMONWEALTH WAR GRAVES COMMISSION,  Opportunity,  Open,"  United Kingdom, Belgium, France","  25 November 2022, 12pm","  £25,000",   1 November 2022
22/SJM/001 Coach Hire Services,University of Portsmouth e-Tendering,  Opportunity,  Open,  PO1 2ER,"   2 December 2022, 12pm",  £0,   1 November 2022
CETE083 - Version 2 Supply of Vehicle Parts to OEM or Equivalent Specification,Derbyshire County Council,  Opportunity,  Open,  England,"  17 November 2022, 11:59pm","  £3,200,000","  14 September 2022, last edited  1 November 2022"
LPS CORP - Peer Network Support in Lancashire - RFQ 15347161,Lancashire County Council,  Opportunity,  Open,  North West,"  22 November 2022, 10am","  £390,000","  21 October 2022, last edited  1 November 2022"
DGM/2014 - Procurement of SOLAS Stores ITT,Ministry of Defence,  Opportunity,  Open,  BS24 8JH,"   6 December 2022, 12pm","  £500,000",   1 November 2022
Request for Information - Night-time Domiciliary Care & Support Service in Category 2.5 Sheltered Housing,Portsmouth City Council,  Opportunity,  Open,  PO1 2AL,"  30 November 2022, 12pm",  £0,   1 November 2022
Expression of Interest - CMK Growth Opportunity Study,Milton Keynes Council,  Opportunity,  Open,  MK9 3EJ,"  15 November 2022, 11:59pm",  £0,   1 November 2022
Norbury Manor Primary School - Acoustic Treatment to 3 no. Reception Classrooms,Croydon Council,  Opportunity,  Open,  England,"  22 November 2022, 12pm","  £30,000",   1 November 2022
Supply and Fit 'Roof Edge Protection',Calderdale and Huddersfield Solutions ltd,  Opportunity,  Open,  HD3 3EA,"  30 November 2022, 12pm","  £50,000","  30 September 2022, last edited  1 November 2022"
Coaching Framework,CPI (Centre for Process Innovation),  Opportunity,  Open,  TS104RF,"  25 November 2022, 12pm","  £0 to £177,896.99",   1 November 2022
Digital Customer Information System for TfWM - Market Engagement,West Midlands Combined Authority,  Early engagement,  Open,  West Midlands,  15 November 2022,Publication date  1 November 2022,None
NCC903 Whinney Hill Groundworks Phase 1A & 2,Advance Northumberland Limited,  Opportunity,  Open,  North East,"  16 November 2022, 12pm",  £0,"  19 October 2022, last edited  1 November 2022"
Recycling Bring Sites 2023 - 2027,South Lakeland District Council,  Opportunity,  Open,  England,"   2 December 2022, 11:59pm","  £600,000",   1 November 2022
GB-Colchester: Corporate Asset Management Strategy,Colchester Borough Council,  Opportunity,  Open,  East of England,"  22 November 2022, 12pm","  £25,000 to £50,000",   1 November 2022
UKRI-1946 MRC LMB Electrical Services,UK Research & Innovation,  Opportunity,  Open,  East of England,"   6 December 2022,  3pm","  £1,275,000",   1 November 2022
